Latitude,Longitude,Rubbish,Plastics,Cans,Glass,Papers
35.217,129.086,3,0,3,0,0
35.226208,128.638147,0,0,0,0,0
35.226271,128.638162,0,3,0,0,0
35.22628,128.63822,0,1,0,0,0
35.226351,128.638321,0,0,3,0,0
35.226408,128.638159,0,0,14,0,0
35.226438,128.638312,0,0,17,0,0
35.226506,128.638738,0,0,7,0,0
35.226626,128.63887,0,0,0,0,14
35.226727,128.639312,0,0,0,0,13
35.226919,128.638707,0,8,0,0,0
35.226954,128.639147,0,8,0,0,0
35.22733,128.639258,0,0,3,0,0
35.227377,128.639233,0,5,5,0,0
35.227508,128.63941,0,8,0,0,0
35.227703,128.639533,0,2,2,0,0
35.228042,128.639843,0,2,2,0,0
35.228599,128.640383,0,0,0,6,0
35.235,129.078,5,5,5,0,0
35.85234719,129.2702942,0,1,0,0,0
35.8524,129.2704,0,2,0,0,0
35.8526,129.2685,0,2,0,0,0
35.89,128.607,8,8,0,0,8
36.01,129.34,1,1,0,0,0
36.59,128.648,16,18,12,0,6
36.662,129.12,6,0,0,0,0
36.97,127.93,8,0,0,0,0
36.97,127.94,0,72,0,0,0
36.98,127.93,16,30,6,0,0
36.98,127.94,0,3,3,0,0
36.99,127.95,0,9,0,0,0
37.0,127.07,13,16,0,0,11
37.0,127.08,7,5,6,1,1
37.0,127.1,12,12,1,1,0
37.173,128.986,0,0,0,0,1
37.21,127.7,8,8,0,0,0
37.22,127.6,37,11,6,0,4
37.22,127.7,4,2,0,0,0
37.23,127.7,2,3,0,0,3
37.27583,127.4672,26,0,0,0,2
37.28,126.55,24,4,0,0,7
37.29,126.55,7,4,0,0,2
37.29,127.3,3,1,0,0,3
37.31,126.54,3,5,0,0,0
37.31,126.55,25,5,0,0,6
37.31,126.56,1,0,0,0,0
37.313822,127.083064,0,1,0,0,0
37.3141948,127.0853508,5,0,0,0,8
37.314208,127.085175,0,0,0,0,1
37.314226,127.085651,0,0,0,1,0
37.3142264,127.0855885,5,0,0,0,0
37.314228,127.085586,0,0,1,0,0
37.314246,127.085382,1,0,0,0,0
37.3142462,127.0852934,5,0,0,0,0
37.314266,127.085804,0,0,0,0,1
37.3142819,127.0857661,0,7,0,0,0
37.314293,127.088893,0,0,0,0,1
37.3142952,127.0853936,0,10,0,0,0
37.314304,127.086095,0,1,0,0,0
37.314309,127.088985,1,0,0,0,0
37.314311,127.089077,1,0,0,0,0
37.314319,127.088803,0,0,0,0,1
37.314319,127.089152,1,0,0,0,0
37.314326,127.088731,0,0,0,0,1
37.31433,127.088773,0,1,0,0,0
37.314332,127.086223,0,0,0,0,1
37.314336,127.089192,0,0,0,0,1
37.3143363,127.0859301,0,0,0,0,7
37.314338,127.089237,1,0,0,0,0
37.31434,127.088698,0,1,0,0,0
37.31434,127.089322,1,0,0,0,0
37.3143441,127.0862335,0,0,0,0,5
37.3143477,127.0861218,6,0,0,0,0
37.31435,127.089427,0,1,0,0,0
37.314352,127.089387,1,0,0,0,0
37.314352,127.089454,0,0,1,0,0
37.314354,127.089567,1,0,0,0,0
37.314358,127.089054,0,1,0,0,0
37.314362,127.089636,0,0,0,0,1
37.314362,127.089744,1,0,0,0,0
37.314364,127.089611,0,1,0,0,0
37.314364,127.089736,1,0,0,0,0
37.314364,127.089841,1,0,0,0,0
37.314366,127.086487,1,0,0,0,0
37.314366,127.088308,1,0,0,0,0
37.314366,127.089913,0,1,0,0,0
37.314368,127.089701,1,0,0,0,0
37.314369,127.08652,1,0,0,0,0
37.31437,127.086649,1,0,0,0,0
37.31437,127.089971,1,0,0,0,0
37.31437,127.090066,1,0,0,0,0
37.31437,127.090101,1,0,0,0,0
37.3143748,127.0884862,1,0,0,0,0
37.314376,127.090023,1,0,0,0,0
37.314378,127.088191,1,0,0,0,0
37.3143844,127.0864608,7,0,0,0,0
37.3143886,127.0866647,0,7,0,0,0
37.314393,127.088024,1,0,0,0,0
37.314399,127.08721,0,0,1,0,0
37.3144038,127.0868263,6,0,0,0,0
37.314407,127.087465,0,0,0,0,1
37.3144112,127.0886278,1,0,0,0,0
37.3144118,127.063726,7,0,0,0,0
37.3144118,127.0870732,4,0,0,0,0
37.314413,127.08734,1,0,0,0,0
37.314413,127.087375,0,1,0,0,0
37.314413,127.087425,1,0,0,0,0
37.314413,127.08752,0,0,0,0,1
37.3144268,127.0873768,0,0,2,0,0
37.3144369,127.0873275,0,0,2,0,0
37.3144444,127.0872222,0,4,0,0,0
37.3144497,127.0889429,1,0,0,0,0
37.3145332,127.0875417,0,0,2,0,0
37.3151337,127.0768049,0,2,0,0,0
37.3151678,127.0766419,3,0,0,0,0
37.3152867,127.0777615,1,0,0,0,0
37.3152868,127.0777614,2,0,0,0,0
37.3152931,127.0777068,1,0,0,0,0
37.315295,127.077688,1,0,0,0,0
37.318717,127.093198,1,0,0,0,0
37.318815,127.096146,1,0,0,0,0
37.318968,127.096361,1,0,0,0,0
37.319109,127.095037,1,0,0,0,0
37.319133,127.096538,0,0,1,0,0
37.319145,127.094029,0,1,0,0,0
37.319145,127.09403,0,0,0,1,0
37.319445,127.096729,0,0,0,0,1
37.319769,127.096944,0,1,0,0,0
37.32,126.54,3,3,0,0,0
37.32,126.55,6,9,0,0,6
37.32002,127.079104,1,0,0,0,0
37.320208,127.097227,1,0,0,0,0
37.320716,127.097554,0,0,0,0,1
37.3208989,127.0847301,0,0,2,0,0
37.3209048,127.0843989,0,0,1,0,0
37.3209195,127.0845377,4,0,0,0,0
37.3209757,127.0832167,0,0,0,0,2
37.320991,127.097085,0,1,0,0,0
37.3210197,127.0829696,3,0,0,0,0
37.3210245,127.0831956,0,3,0,0,0
37.3210933,127.0823879,3,0,0,0,0
37.3211018,127.0830853,2,0,0,0,0
37.3213578,127.081032,3,0,0,0,0
37.3213919,127.0809261,4,0,0,0,0
37.3217143,127.0801821,2,0,0,0,0
37.3217295,127.0801647,5,0,0,0,0
37.3218255,127.0800373,4,0,0,0,0
37.321969,127.10071,0,1,0,0,0
37.322008,127.100867,1,0,0,0,0
37.322055,127.100987,0,1,0,0,0
37.322082,127.101131,0,0,0,1,0
37.322115,127.101336,1,0,0,0,0
37.322307,127.1018,1,0,0,0,0
37.322336,127.101893,1,0,0,0,0
37.322364,127.102029,0,1,0,0,0
37.322765,127.103019,0,0,0,1,0
37.32295,127.103481,2,0,0,0,0
37.323245,127.103938,1,0,0,0,0
37.32335,127.104145,1,0,0,0,0
37.323367,127.104147,1,0,0,0,0
37.323377,127.104179,1,0,0,0,0
37.323382,127.104184,1,0,0,0,0
37.323388,127.104214,1,0,0,0,0
37.323629,127.105773,1,0,0,0,0
37.323631,127.105802,0,1,0,0,0
37.323634,127.105774,0,0,0,0,1
37.323648,127.10545,0,1,0,0,0
37.32365,127.10541,0,0,0,1,0
37.32365,127.105417,1,0,0,0,0
37.32365,127.105421,1,0,0,0,0
37.323651,127.105403,1,0,0,0,0
37.323651,127.10545,1,0,0,0,0
37.323655,127.105362,1,0,0,0,0
37.323655,127.105387,0,0,0,1,0
37.323657,127.10535,1,0,0,0,0
37.323658,127.10537,0,1,0,0,0
37.323659,127.105368,1,0,0,0,0
37.323663,127.105356,0,0,0,1,0
37.323668,127.105343,1,0,0,0,0
37.323681,127.105299,1,0,0,0,0
37.323689,127.105279,1,0,0,0,0
37.323703,127.105248,0,0,0,0,1
37.323719,127.10521,1,0,0,0,0
37.323726,127.105194,1,0,0,0,0
37.323727,127.105177,0,1,0,0,0
37.323735,127.105171,1,0,0,0,0
37.323763,127.105101,1,0,0,0,0
37.323774,127.105077,1,0,0,0,0
37.34,127.0,1,0,0,0,0
37.35,127.0,6,2,0,0,0
37.35,127.1,11,1,0,0,5
37.36,127.11,17,4,3,0,3
37.368,127.926,8,5,0,0,0
37.37,127.11,33,3,1,0,6
37.37498056,127.1371,1,0,0,0,0
37.37503056,127.1371472,1,0,0,0,0
37.38611942,126.9522166,0,1,0,0,0
37.38611944,126.9522083,0,0,0,0,2
37.38612778,126.9521722,0,0,0,0,1
37.38612778,126.9521778,1,0,0,0,0
37.38613056,126.9521778,0,0,0,2,0
37.38613056,126.9522167,0,0,0,1,0
37.38613608,126.9521778,1,0,0,0,0
37.38613608,126.9521944,0,1,0,0,0
37.38613611,126.9521944,0,1,0,0,0
37.38613889,126.9521861,0,1,0,0,0
37.38615,126.9521722,0,1,0,0,0
37.38619442,126.9522166,1,0,0,0,0
37.39,126.46,4,0,0,4,4
37.3949,126.9389,1,0,0,0,0
37.3951,126.939,1,0,0,0,0
37.3951,126.9391,1,0,0,0,0
37.3956,126.9348,1,0,0,0,0
37.3957,126.9345,1,0,0,0,0
37.3958,126.9346,1,0,0,0,0
37.3958,126.9357,0,1,0,0,0
37.3959,126.9344,0,2,0,0,0
37.3959,126.9345,1,1,0,0,0
37.396,126.9343,1,0,0,0,0
37.396,126.9344,0,2,0,0,0
37.396,126.9345,2,0,0,0,0
37.396,126.9347,4,0,0,0,0
37.3961,126.9347,1,0,0,0,0
37.3962,126.9347,1,0,0,0,0
37.3963,126.9346,3,0,0,0,0
37.3966,126.9331,2,0,0,0,0
37.3966,126.9332,1,0,3,0,1
37.39667219,126.9331583,0,0,1,0,0
37.3967,126.9332,0,0,0,0,1
37.3969,126.932,1,0,0,0,0
37.397,126.932,4,0,0,0,0
37.397,126.9322,1,0,0,0,0
37.3972,126.9316,1,0,0,0,0
37.3972,126.9326,1,0,0,0,0
37.4006,126.9277722,1,0,0,0,0
37.4007,126.9278,1,0,0,0,0
37.4007,126.928,2,0,0,0,0
37.4012,126.928,1,0,0,0,0
37.4025,126.9258,0,0,0,0,2
37.4045,126.9231,1,0,0,0,0
37.4055,126.9257,0,0,0,0,1
37.409,126.9178,1,0,0,0,0
37.4091,126.9178,1,0,0,0,0
37.43,126.42,14,5,0,0,8
37.43,126.43,4,17,6,4,0
37.44,126.43,9,28,5,0,15
37.46,126.83,0,2,0,0,1
37.4632,126.844,1,1,0,0,0
37.4654,126.8388,1,1,0,1,0
37.4655,126.8335,0,1,0,0,0
37.4655,126.8385,1,0,0,0,0
37.4655,126.8389,0,1,0,0,0
37.4656,126.8332,0,1,0,0,0
37.4661,126.831,1,0,0,0,0
37.4662,126.8308,1,0,0,0,0
37.4669,126.8296,0,1,0,0,0
37.4676,126.8268,1,0,0,0,0
37.4677,126.8267,1,0,0,0,0
37.4678,126.8267,0,1,0,0,0
37.4679,126.8426,1,0,0,0,0
37.4687,126.8435,0,1,1,0,0
37.4688,126.8257,1,0,0,0,0
37.46960833,127.0381556,0,1,0,0,0
37.46961944,127.0381694,0,2,0,0,0
37.46965,127.0381694,0,1,0,0,1
37.46976389,127.0382778,0,1,0,0,0
37.46976389,127.3716111,0,1,0,0,0
37.46986389,127.0381694,0,1,0,0,0
37.46986667,127.0381694,0,1,0,0,0
37.46989722,127.0382306,0,1,0,0,0
37.47,126.79,8,15,0,0,0
37.47,126.8,8,22,0,0,0
37.47,127.04,0,1,0,0,0
37.47035556,127.0379722,1,1,0,1,0
37.47057222,127.0379556,0,1,0,0,0
37.47057778,127.0379472,0,1,0,0,0
37.47057778,127.0381694,1,1,0,0,0
37.4707,127.0379111,0,0,0,0,0
37.47075278,127.0381694,0,1,0,0,1
37.470775,127.0379111,0,0,0,0,1
37.470775,127.0381694,2,0,0,0,2
37.47077778,127.0381694,1,0,0,0,0
37.47079444,127.0379333,0,1,0,0,0
37.47079722,127.0379333,3,3,0,0,0
37.47084722,127.0379111,1,0,0,0,0
37.47084722,127.0381083,1,0,0,0,0
37.470875,127.0379028,0,1,0,0,0
37.47114444,127.037925,0,0,1,0,0
37.47125,127.0336917,1,0,0,0,0
37.47129444,127.03785,1,0,0,0,0
37.47129722,127.03785,1,1,0,0,0
37.4713,126.8241,0,1,0,0,0
37.47132222,127.0378333,0,1,0,0,0
37.47135556,127.0378278,0,0,1,0,0
37.47135833,127.0378278,0,1,1,0,0
37.47136944,127.0378194,1,0,0,0,0
37.47139722,127.0378639,1,0,0,0,0
37.4714,127.0378333,1,0,0,0,0
37.4714,127.03785,2,0,0,0,0
37.47140556,127.0378333,1,0,0,0,0
37.47141944,127.0378111,0,0,0,1,0
37.47143056,127.0376806,0,1,0,0,0
37.47143056,127.0377111,1,0,0,0,0
37.47143056,127.0378417,0,0,0,0,0
37.47143889,127.0377417,0,1,0,0,0
37.47156944,127.0379028,1,1,0,0,1
37.47157222,127.0377111,0,1,0,0,1
37.47166111,127.0378028,2,0,0,0,0
37.47179444,127.03785,1,0,0,0,0
37.47179722,127.0376806,1,0,0,0,0
37.47182778,127.0377667,0,0,0,0,0
37.47193611,127.03775,0,1,0,0,0
37.47195,127.03785,0,0,0,0,0
37.47195556,127.0378639,0,0,0,0,0
37.47203889,127.0377111,1,0,0,0,0
37.47203889,127.0378278,1,0,0,0,0
37.47205278,127.0377111,0,0,1,0,0
37.47205278,127.0377194,0,0,2,0,0
37.47215556,127.0378417,0,1,0,0,0
37.47216667,127.0377056,0,0,0,0,0
37.47217222,127.0377111,1,1,0,0,0
37.47219722,127.0376972,0,1,0,0,0
37.47220278,127.0376972,1,1,0,0,0
37.47225278,127.0376889,0,1,0,0,0
37.47225556,127.0376806,0,1,0,0,0
37.47228889,127.0377722,0,0,0,0,0
37.47228889,127.0377806,0,0,0,0,0
37.47230833,127.0377889,0,1,0,0,0
37.47231667,127.0377111,0,2,0,0,0
37.47233333,127.0378111,0,1,0,0,0
37.47245833,127.03775,1,0,0,0,0
37.47246944,127.0377722,1,0,0,0,0
37.47247778,127.0377111,0,0,0,0,1
37.47248889,127.0377111,1,0,0,0,0
37.47249722,127.03775,0,1,0,0,0
37.4725,127.0377889,1,0,0,0,0
37.47250278,127.0377972,2,0,0,0,2
37.47251111,127.0377806,1,0,0,0,1
37.47253333,127.0377889,1,0,1,0,1
37.47254167,127.0377972,0,0,1,0,0
37.47263056,127.0377722,1,0,0,0,0
37.4727,126.823,0,1,0,0,0
37.47276389,127.0376194,1,0,0,0,0
37.47278611,127.0377722,0,0,0,0,0
37.47283997,127.0377583,0,0,0,0,0
37.47288056,127.0377722,0,0,0,0,0
37.47297222,127.0375972,0,2,0,0,1
37.47306111,127.1391917,1,0,0,0,0
37.47308056,127.0376583,1,0,0,0,0
37.47308056,127.0376667,1,0,0,0,0
37.47308611,127.0377278,0,0,0,1,0
37.47309444,127.0377361,0,0,0,0,0
37.4759,126.8216,1,1,0,0,0
37.4782,126.8215,1,0,0,0,0
37.4797,126.8207,1,0,0,0,0
37.48,127.04,1,0,0,0,0
37.48,127.05,4,3,0,3,3
37.4808,126.8203,0,0,1,0,0
37.481,126.8199,0,1,0,0,0
37.481,126.82,0,2,0,0,0
37.481,126.8201,0,0,0,0,1
37.481,126.8202,0,1,0,0,0
37.4811,126.8199,0,0,0,0,1
37.4812,126.8201,0,1,0,0,0
37.4812,126.8203,0,1,0,0,0
37.4813,126.8201,0,0,1,0,0
37.4813,126.8202,0,1,0,0,0
37.4814,126.82,0,1,0,0,0
37.4815,126.8202,0,1,0,0,0
37.4824,126.8195,0,1,0,0,0
37.4824,126.8197,0,0,0,1,0
37.4825,126.8196,0,1,0,0,0
37.4825,126.8197,0,1,0,0,0
37.4825,126.8536,0,1,0,0,0
37.4828,126.8195,2,0,0,0,0
37.4831,126.8194,1,0,0,0,0
37.4848,126.9041,0,1,0,0,0
37.4849,126.9044,0,1,0,0,0
37.4849,126.9045,1,1,0,0,2
37.48505278,127.0518806,0,1,0,0,0
37.4853,126.9044,0,1,0,0,0
37.48544722,127.0529944,0,5,0,0,5
37.4857008,127.0535059,5,0,0,0,5
37.4859,126.9,0,1,0,0,0
37.4859,126.9003,0,0,0,0,1
37.4864,126.8989,1,0,0,0,0
37.48667778,127.0550167,0,7,0,0,0
37.4869777,127.0550652,0,3,0,0,0
37.4873,126.898,0,0,0,0,1
37.4878,126.9041,0,1,0,0,0
37.4882,126.8973,0,1,0,0,0
37.4884,126.897,1,1,0,0,0
37.4884,126.8972,0,2,0,0,0
37.4893,126.8965,1,0,0,0,0
37.4896,126.8964,1,0,0,0,0
37.49,126.896,1,1,0,0,0
37.49,127.05,3,0,0,0,2
37.49,127.06,6,1,2,0,3
37.49,127.07,1,0,0,0,2
37.4903,126.8962,0,1,0,0,0
37.49300001,126.87,0,3,0,0,0
37.4934066,127.1029046,3,3,0,0,0
37.4936069,127.1025569,2,2,0,0,0
37.4936376,127.1025198,2,0,0,0,0
37.4937463,127.102296,2,0,0,0,0
37.4939028,127.101978,5,0,0,0,0
37.4939952,127.1018413,4,0,0,0,0
37.494,126.87001,3,0,0,0,0
37.4940524,127.1017745,5,5,0,0,0
37.4943,126.87001,0,3,0,0,0
37.4951,126.87,0,0,0,0,4
37.496,126.87,0,0,0,0,4
37.496,126.8941,1,0,1,0,0
37.4967295,127.1044382,5,5,0,0,0
37.4971098,127.1055898,0,0,0,0,4
37.4971427,127.105689,0,0,0,0,3
37.4972366,127.1059747,4,4,0,0,0
37.4974897,127.1046927,2,0,0,0,0
37.4975369,127.106833,0,3,0,0,0
37.4977849,127.1046059,0,2,0,0,0
37.4978785,127.1059807,0,1,1,0,0
37.4980436,127.1085704,0,2,2,0,0
37.4986464,127.1107636,0,5,0,0,0
37.5,127.06,10,2,0,0,0
37.5,127.07,4,3,0,0,3
37.501,126.87111,0,0,3,0,0
37.5031,126.87113,2,3,0,0,0
37.5042,126.87213,0,5,0,0,0
37.505,126.872,1,0,2,0,0
37.505,126.8723,3,0,0,0,0
37.507,126.873,3,0,0,0,0
37.507052,127.0987742,1,0,0,0,0
37.507194,127.0997518,1,0,0,0,0
37.5074826,127.0978706,1,1,0,0,0
37.5077711,127.0979246,2,0,0,0,0
37.5082355,127.0979444,2,0,0,0,0
37.508237,127.1021769,3,3,0,0,0
37.5082716,127.0979388,1,0,0,0,0
37.50839722,127.0995167,0,7,0,0,0
37.50890278,127.1010278,0,6,0,0,0
37.50899444,127.0997306,0,3,0,0,0
37.5091437,127.0985795,0,1,0,0,0
37.5094323,127.0992445,4,4,0,0,0
37.509696,127.0997446,0,2,0,0,0
37.5097964,127.1025377,0,0,0,0,3
37.51,126.87,0,7,0,0,0
37.51,126.88,20,24,5,0,2
37.51,127.06,19,9,4,0,2
37.51,127.07,4,2,0,0,0
37.51,127.08,2,2,1,0,0
37.51,127.1,4,7,0,0,1
37.5100244,127.1006982,2,0,0,0,0
37.5101047,127.1030982,2,0,0,0,0
37.5104952,127.1029875,3,0,0,0,0
37.5115779,127.1036617,0,3,0,0,0
37.5177475,126.933945,1,2,0,0,0
37.52,126.88,0,2,0,0,0
37.52,126.93,18,3,0,0,15
37.52,127.06,2,2,0,0,0
37.52,127.09,1,0,0,0,0
37.5212,127.9158,1,0,0,0,0
37.52262,126.94148,1,0,0,0,1
37.52262,126.94153,0,0,0,0,1
37.52263,126.94154,0,0,0,0,1
37.52264,126.9415,0,1,0,0,0
37.52264,126.94155,0,1,0,0,0
37.52265,126.94155,0,0,0,0,1
37.52276,126.94131,0,1,0,0,0
37.52277,126.94133,2,1,0,0,0
37.52278,126.94128,1,1,1,0,0
37.52279,126.94128,1,0,0,0,0
37.5228,126.94128,1,0,0,0,0
37.5228,126.94129,1,1,0,0,0
37.52281,126.94128,0,1,0,0,0
37.52282,126.94122,1,0,0,0,0
37.52282,126.94124,0,1,0,0,0
37.52285,126.94118,1,0,0,0,0
37.52286,126.94122,1,0,0,0,0
37.52287,126.94115,0,0,1,0,0
37.52287,126.94116,1,0,0,0,0
37.52287,126.94117,1,0,0,0,0
37.52287,126.94121,3,0,0,0,0
37.52288,126.94122,1,1,0,0,1
37.52288,126.94123,2,0,0,0,0
37.52288,126.94124,1,0,0,0,2
37.52288,126.94125,2,0,0,0,0
37.52288,126.94126,0,0,1,0,0
37.52289,126.94125,1,0,0,0,0
37.5229,126.94117,0,1,0,0,0
37.5229,126.94124,0,1,0,0,0
37.52291,126.9413,0,0,0,0,2
37.52293,126.94116,0,0,1,0,0
37.52293,126.94122,1,0,0,0,0
37.52296,126.94107,1,0,1,0,0
37.52296,126.94113,0,1,0,0,0
37.52297,126.94107,0,0,1,0,0
37.52297,126.94112,0,1,0,0,0
37.52298,126.94106,1,0,0,0,1
37.52298,126.94116,0,1,0,0,0
37.52299,126.94106,2,0,0,0,1
37.5231,126.94086,1,1,0,0,1
37.5231,126.94087,1,1,0,0,0
37.523131,126.94086,0,0,0,0,1
37.52315,126.94083,1,0,0,0,0
37.52316,126.94092,1,0,0,0,0
37.5283,126.9322,30,23,4,0,2
37.5285,127.91,1,0,0,0,0
37.52888889,126.9330556,0,1,0,0,0
37.52888889,126.9333333,0,1,0,0,1
37.52888889,126.9336111,1,1,0,0,0
37.5292068,126.9336528,1,0,0,0,0
37.52921928,126.9169539,1,0,0,0,0
37.52923,127.06541,0,0,0,0,1
37.52927397,126.9333979,1,0,0,0,0
37.52929317,126.931538,3,1,0,0,0
37.5293,127.06539,0,1,0,0,0
37.5293,127.06546,1,0,0,0,1
37.5293,127.06551,0,0,0,0,1
37.52933,127.06541,1,0,0,0,0
37.52933,127.06544,1,0,0,0,0
37.52934,127.06542,1,0,0,0,0
37.52935,127.06536,0,1,0,0,0
37.52936,127.06536,1,0,0,0,1
37.52938,127.06539,1,0,0,0,0
37.52938,127.06542,1,0,0,0,0
37.52938,127.06544,1,0,0,0,0
37.52939,127.06539,1,0,0,0,0
37.52939,127.06542,2,0,0,0,0
37.5294,127.06532,0,0,0,0,1
37.5294,127.06534,0,1,0,0,2
37.5294,127.06535,3,0,0,0,4
37.5294,127.06538,0,1,0,0,0
37.5294,127.0654,1,0,0,0,0
37.5294,127.06541,1,0,0,0,0
37.52941,127.06535,2,0,0,0,1
37.52941,127.06536,0,1,0,0,0
37.52941,127.06537,0,1,0,0,0
37.52941,127.06539,1,0,0,0,0
37.52941,127.0654,2,0,0,0,0
37.52941,127.06541,4,0,0,0,0
37.52941,127.06544,1,0,0,0,0
37.52942,127.06539,1,0,0,0,0
37.52942,127.06541,1,0,0,0,0
37.52942,127.06542,4,0,0,0,0
37.52942,127.06544,1,0,0,0,0
37.52942,127.065441,0,0,0,0,1
37.52943,127.06533,1,0,0,0,1
37.52943,127.06535,1,0,0,0,0
37.52943,127.06536,1,0,0,0,0
37.52943,127.06537,1,0,0,0,0
37.52943,127.06538,0,0,0,0,1
37.52943,127.06541,1,1,0,0,0
37.52943,127.06543,1,0,0,0,0
37.52944,127.06533,0,0,0,0,1
37.52944,127.0654,1,0,0,0,0
37.52944,127.06543,1,0,0,0,0
37.52944,127.06544,2,0,0,0,0
37.52944444,126.9327778,1,0,0,0,0
37.52944444,126.9330556,2,0,0,0,0
37.52945,127.06533,0,0,0,0,1
37.52945,127.06537,1,0,0,0,0
37.52946,127.06534,0,0,0,0,1
37.52946,127.06536,0,0,0,0,1
37.5295,126.9097,0,1,0,0,0
37.5295576,126.9497904,1,0,0,0,0
37.5297,126.9115,0,1,0,0,0
37.52972222,126.9325,2,1,0,0,0
37.52972222,126.9327778,1,0,0,0,0
37.529727,126.928329,2,2,0,0,0
37.53,126.88,25,46,14,0,9
37.53,126.89,6,8,0,0,6
37.53,126.92,0,0,1,0,0
37.53,126.9311111,1,1,0,0,0
37.53,126.9319444,1,1,0,0,0
37.53,126.9322222,1,1,0,0,0
37.53004097,126.932297,0,0,0,0,1
37.53004108,126.9322969,1,0,0,0,0
37.53027778,126.9319444,1,1,0,0,0
37.53027778,126.932297,1,0,0,0,1
37.53041667,126.9315278,0,1,0,0,0
37.53055556,126.9305556,1,0,0,0,1
37.53055556,126.9308333,2,2,0,0,0
37.53055556,126.9311111,0,3,0,0,0
37.53083333,126.9294444,3,1,0,0,2
37.53083333,126.9302778,1,1,0,0,0
37.53083333,126.9305556,1,0,0,0,0
37.53083333,126.9308333,1,0,0,0,0
37.53083333,126.9330556,1,1,0,0,0
37.53097222,126.9294722,1,2,0,0,1
37.5310229,126.9306649,1,0,0,0,0
37.53111111,126.9294444,2,2,0,0,0
37.53111111,126.9295278,1,0,0,0,0
37.53111111,126.9295833,2,0,0,0,0
37.53111111,126.9296389,1,0,0,0,0
37.53111111,126.9297222,1,1,0,0,0
37.53111111,126.93,1,0,0,0,0
37.53111111,126.9302778,1,0,0,0,0
37.53111111,126.9330556,1,0,0,0,0
37.53113889,126.9291667,1,1,0,0,0
37.53125,126.9294444,1,0,0,0,0
37.53138889,126.9291667,1,2,0,0,1
37.53138889,126.9294444,1,1,0,0,0
37.53166667,126.9286111,0,1,0,0,0
37.53166667,126.9288889,2,1,0,0,1
37.53194444,126.9277778,2,1,0,0,0
37.53194444,126.9280556,1,0,0,0,1
37.53194444,126.9283333,1,1,0,0,0
37.53194444,126.9286111,1,1,0,0,0
37.5325,126.9263889,1,0,0,0,0
37.5348559,127.2261703,0,1,0,0,0
37.5357,126.9131,0,1,0,0,0
37.5385241,127.2233255,27,24,2,1,21
37.54,126.88,0,10,0,0,5
37.54,127.03,0,5,0,0,0
37.55,126.87,0,1,0,0,2
37.55,126.9,97,20,13,0,0
37.551871,126.899417,3,2,0,0,0
37.552,127.036,16,0,0,0,0
37.553,127.035,0,18,0,0,0
37.559798,126.889463,1,1,0,0,0
37.56,126.97,109,46,0,0,12
37.56,127.0,1,0,0,0,5
37.561301,126.886215,2,1,1,0,0
37.562706,126.899513,1,4,0,0,0
37.563056,126.894651,0,1,0,0,0
37.56896944,126.9983972,0,9,0,0,0
37.569096,126.981197,0,1,0,0,1
37.56959167,127.0012278,0,5,0,0,0
37.569644,127.008003,5,0,0,0,0
37.5696584,127.0061348,0,2,0,0,0
37.56966111,127.0022139,0,14,0,0,0
37.5697017,127.0070582,2,0,0,0,0
37.56971389,127.0069667,0,3,0,0,0
37.56980556,127.0080722,0,5,0,0,0
37.56981389,127.00805,0,7,0,0,0
37.56985556,127.0056444,6,6,0,0,0
37.57,126.832,20,5,10,10,10
37.57,127.02,0,7,0,0,2
37.57,127.029,34,0,5,0,0
37.57,127.03,11,6,0,0,0
37.57,127.031,16,0,0,0,0
37.57,127.032,17,22,0,0,0
37.57,127.033,6,0,0,0,0
37.57,127.08,2,1,1,0,0
37.57083333,126.8997222,0,1,0,0,0
37.57083333,126.9,0,1,0,0,0
37.571,127.033,1,0,0,0,0
37.571,127.034,4,0,0,0,7
37.571,127.035,7,0,0,0,0
37.571082,126.978516,1,0,0,0,0
37.571084,126.978515,1,0,0,0,0
37.571092,126.978523,0,1,0,0,0
37.571192,126.978535,0,1,0,0,0
37.571201,126.978524,0,1,0,0,0
37.571315,126.978532,0,0,0,0,1
37.571317,126.978534,0,0,0,0,1
37.571319,126.978531,0,0,0,0,1
37.57133,126.978513,0,0,0,0,1
37.571333,126.978511,0,0,0,0,1
37.57136,126.978526,0,0,0,0,1
37.571361,126.978523,0,0,0,0,1
37.571363,126.978525,0,0,0,0,1
37.57137,126.978501,0,1,0,0,0
37.57137,126.978509,0,0,0,0,1
37.571375,126.978506,0,1,0,0,0
37.57138889,126.9,1,0,0,0,0
37.57194444,126.9,1,0,0,0,0
37.57222222,126.9219444,0,0,0,0,1
37.572374,126.868147,5,22,4,6,8
37.57277778,126.9,1,0,0,0,0
37.57277778,126.9002778,1,0,0,0,0
37.57277778,126.9227778,0,1,0,0,0
37.573064,126.900271,0,10,2,0,1
37.573166,126.886968,0,5,1,0,0
37.57361111,126.9238889,1,0,0,0,0
37.57388889,126.9002778,0,1,0,0,0
37.57416667,126.9005556,1,0,0,0,0
37.57444444,126.9255556,1,0,0,0,0
37.57472222,126.915,0,1,0,0,0
37.575,126.9255556,1,1,0,0,0
37.57527778,126.9013889,1,1,0,0,1
37.57583333,126.9019444,1,0,0,0,0
37.57583333,126.9021667,1,0,0,0,0
37.57611111,126.9022222,1,0,0,0,0
37.57666667,126.9025,1,1,0,0,0
37.57666667,126.9027778,1,1,0,0,0
37.57680556,126.9029167,1,0,0,0,0
37.57688889,126.9027778,1,0,0,0,0
37.57694444,126.9027778,0,1,0,0,0
37.5775,126.9036111,1,2,0,0,0
37.57805556,126.9041667,1,0,0,0,0
37.578244,126.888988,6,10,3,1,1
37.57861111,126.905,1,0,0,0,0
37.57861111,126.9050833,1,0,0,0,0
37.57861111,126.9051944,1,1,0,0,1
37.579064,126.890081,3,2,0,0,1
37.58,127.0,10,13,0,0,7
37.58,127.01,64,63,23,0,19
37.58,127.02,23,17,9,2,2
37.58,127.04,4,0,0,0,0
37.58009,126.8320101,0,0,4,0,0
37.5803333,126.832923,0,5,0,0,0
37.58083333,126.9069444,0,1,0,0,0
37.5815,126.8326971,0,0,5,0,0
37.583,126.831999,0,0,0,7,0
37.58333333,126.9097222,0,0,0,0,1
37.58444444,126.9111111,0,1,0,0,0
37.586,126.818,5,20,5,10,5
37.586001,126.83001,0,0,0,0,6
37.58645,127.0081028,0,2,0,0,0
37.5867,126.8255,0,0,0,0,5
37.586811,126.82625,0,0,0,5,0
37.58691001,126.826111,0,5,0,0,0
37.5870001,126.826,0,0,0,0,5
37.5878,126.82,5,0,0,0,0
37.587921,127.00727,1,0,0,0,0
37.587922,127.00726,1,0,0,0,0
37.587922,127.00727,1,0,0,0,0
37.58799,127.008539,1,0,0,0,0
37.587991,127.008537,1,0,0,0,0
37.587992,127.008536,1,0,0,0,0
37.588,127.007,11,0,0,0,0
37.588,127.009,15,6,0,0,0
37.5882,127.0192805,1,0,0,0,0
37.5882,127.0194,1,0,0,0,0
37.588275,127.008947,0,1,0,0,0
37.588276,127.008945,0,1,0,0,0
37.588277,127.008949,0,1,0,0,0
37.588278,127.008948,0,1,0,0,0
37.5883,127.0194,1,0,0,0,0
37.588675,127.009564,1,0,0,0,0
37.588676,127.00956,1,0,0,0,0
37.588677,127.009561,1,0,0,0,0
37.588679,127.009563,1,0,0,0,0
37.58869444,127.0183028,0,2,2,0,0
37.58883333,127.0187222,0,2,0,0,0
37.588865,127.018541,0,1,0,0,0
37.588866,127.018543,0,1,0,0,0
37.588868,127.01854,0,1,0,0,0
37.588869,127.018539,0,1,0,0,0
37.589,127.01,8,0,0,8,0
37.589,127.018,45,15,5,5,5
37.589,127.02,25,23,0,0,11
37.5891,127.0176,0,6,0,0,0
37.58913886,127.0101389,0,1,0,0,0
37.589145,127.010225,0,1,0,0,0
37.589147,127.010223,0,2,0,0,0
37.589148,127.010222,0,1,0,0,0
37.589149,127.010224,0,1,0,0,0
37.58916667,127.0181389,0,0,0,0,4
37.5892,127.0181,1,0,0,0,0
37.58921389,127.0183333,0,3,0,0,0
37.58922222,127.0180361,1,0,0,0,0
37.58925,127.0182583,0,4,0,0,0
37.589251,127.01043,0,1,0,0,0
37.589252,127.0104,0,1,0,0,0
37.589254,127.01042,0,1,0,0,0
37.58925556,127.0182639,0,2,0,0,0
37.58926139,127.0103389,0,1,0,0,0
37.58926664,127.0103389,0,1,0,0,0
37.58928608,127.0103,0,1,0,0,0
37.5893,127.0178,5,0,0,0,0
37.5893,127.0181,1,0,0,0,0
37.5893,127.0183,1,0,0,0,0
37.58932,127.010503,1,0,0,0,0
37.589323,127.010506,1,0,0,0,0
37.589324,127.010502,1,0,0,0,0
37.589327,127.010505,1,0,0,0,0
37.58936,127.0178,1,0,0,0,0
37.58936,127.01781,0,0,0,1,0
37.5894,127.01785,1,0,0,0,0
37.5894,127.01786,2,0,0,0,0
37.5894,127.01788,1,0,0,0,0
37.5894,127.0179,1,0,0,0,1
37.58941,127.0179,0,0,0,0,1
37.58941639,127.0178667,1,0,0,0,0
37.58942,127.01788,1,0,0,0,0
37.58942,127.0179,0,0,0,0,1
37.58943,127.01782,1,1,0,0,0
37.58943,127.01784,0,0,0,0,1
37.58943,127.01791,1,0,0,0,1
37.58945,127.01784,0,2,0,0,0
37.58945833,127.017975,0,1,0,0,0
37.58946,127.01785,1,0,0,0,0
37.58946,127.01791,0,0,0,0,1
37.58946111,127.0179833,0,2,0,0,4
37.58947,127.01783,0,1,0,0,0
37.58947,127.01788,0,0,0,0,1
37.58948,127.01805,1,0,0,0,0
37.5895,127.0176,3,4,0,0,0
37.58952,127.01788,2,0,0,0,0
37.58952,127.01792,0,0,1,0,0
37.58955,127.01794,1,0,0,0,0
37.58957,127.01775,0,0,0,0,1
37.58961,127.01779,0,0,0,0,1
37.5897,127.0174,27,24,4,3,3
37.5897,127.01778,0,0,0,1,0
37.58981,127.01708,1,0,0,0,0
37.58984,127.01721,0,0,0,0,1
37.58984,127.01723,0,0,0,0,1
37.58986,127.01723,0,0,0,0,1
37.58987,127.01723,0,0,0,1,0
37.589871,127.017231,0,0,0,1,0
37.589872,127.017232,0,0,0,1,0
37.589872,127.017233,0,0,0,1,0
37.589873,127.017232,0,0,0,1,0
37.58988,127.01718,0,0,0,0,1
37.58988,127.01723,1,0,0,0,0
37.58988,127.01732,1,0,0,0,0
37.58991,127.01718,1,1,0,0,0
37.58991,127.01725,1,1,0,0,1
37.589911,127.011204,0,0,0,0,1
37.589911,127.011206,0,0,0,0,1
37.589912,127.011207,0,0,0,0,1
37.589913,127.011208,0,0,0,0,1
37.589935,127.017146,0,0,0,0,1
37.589937,127.017149,0,0,0,0,1
37.589938,127.017148,0,0,0,0,1
37.589939,127.017146,0,0,0,0,1
37.58995,127.01714,1,0,0,0,0
37.58995,127.0172,1,0,0,0,0
37.58995,127.01723,0,0,0,0,1
37.58995553,127.0171444,0,0,0,0,1
37.58996,127.01717,0,1,0,0,0
37.58996,127.01719,1,0,0,0,0
37.58996108,127.0171889,0,0,0,0,1
37.58998,127.01718,0,2,0,0,0
37.58998611,127.0171361,1,0,0,0,0
37.589992,127.01717,0,1,0,0,0
37.589994,127.011275,1,0,0,0,0
37.589995,127.011274,1,0,0,0,0
37.589996,127.01127,1,0,0,0,0
37.589996,127.011273,1,0,0,0,0
37.589996,127.011274,1,0,0,0,0
37.589997,127.011273,1,0,0,0,0
37.589998,127.011271,2,0,0,0,0
37.59,126.75,30,13,7,12,11
37.59,127.0,6,1,1,0,2
37.59,127.01,85,99,9,11,18
37.59,127.011,14,31,0,0,0
37.59,127.012,0,0,0,8,1
37.59,127.016,7,3,0,0,0
37.59,127.0171278,1,0,0,0,0
37.59,127.01722,0,0,0,0,1
37.59,127.02,106,111,15,0,33
37.59,127.1,10,2,0,0,2
37.59,127.102778,10,14,1,0,9
37.59,127.1028,0,1,0,0,0
37.59000833,127.0171278,1,0,0,0,0
37.59002219,127.0171889,0,0,0,0,1
37.59003,127.01725,0,0,0,0,1
37.59007775,127.0180553,1,0,0,0,0
37.5901,127.0168,5,5,0,0,0
37.5901,127.01698,1,0,0,0,0
37.5901,127.01699,1,0,0,0,0
37.5901,127.017,0,1,0,0,0
37.5901,127.01708,0,0,0,0,1
37.59010833,127.0172111,0,0,0,0,1
37.590139,127.01693,0,0,0,0,1
37.590185,127.01677,0,1,0,0,0
37.590189,127.01676,0,1,0,0,0
37.59019,127.016878,0,1,0,0,0
37.5902,127.0167,10,3,0,0,0
37.5902,127.017,0,1,0,0,0
37.59026,127.016753,0,1,0,0,0
37.590262,127.016755,0,1,0,0,0
37.59028,127.01705,0,1,0,0,0
37.5903,127.0168,0,1,0,0,0
37.59038,127.01699,1,0,0,0,0
37.5904,127.0165,0,5,0,0,0
37.5904,127.0167,0,3,0,0,0
37.5904,127.0168,1,0,0,0,0
37.590412,127.016685,26,7,0,0,6
37.590443,127.011714,1,0,0,0,0
37.590444,127.011716,1,0,0,0,0
37.590445,127.011719,1,0,0,0,0
37.59044997,127.0165639,1,0,0,0,0
37.59044997,127.0165778,1,0,0,0,0
37.59049722,127.0165722,1,0,0,0,0
37.59049972,127.0165639,1,0,0,0,0
37.5905,127.0163,0,1,0,0,0
37.5905,127.0166,0,1,0,0,0
37.5905,127.0167,0,1,0,0,0
37.59051389,127.0165639,1,0,0,0,0
37.5906,127.0161,0,0,0,0,6
37.590619,127.016214,1,0,0,0,0
37.59062,127.016214,1,0,0,0,0
37.590621,127.016215,1,0,0,0,0
37.5907,127.0165,0,1,0,0,0
37.5908,127.0157,4,0,0,0,0
37.590836,127.012384,0,0,0,0,1
37.590837,127.012385,0,0,0,0,1
37.590839,127.012387,0,0,0,0,1
37.590937,127.012427,0,0,0,1,0
37.590938,127.012425,0,0,0,1,0
37.590938,127.012427,0,0,0,2,0
37.590939,127.012428,0,0,0,1,0
37.591,127.013,17,0,0,0,9
37.591,127.014,25,0,0,0,3
37.591,127.015,10,0,0,0,4
37.591,127.0152,0,4,0,0,0
37.591,127.0154,6,0,0,0,0
37.591041,127.012789,1,0,0,0,0
37.591042,127.012787,1,0,0,0,0
37.591042,127.012789,1,0,0,0,0
37.591043,127.012788,1,0,0,0,0
37.591045,127.012786,1,0,0,0,0
37.5911,127.0149,0,5,0,0,0
37.591301,127.013311,0,0,0,0,1
37.591302,127.013313,0,0,0,0,2
37.591304,127.013312,0,0,0,0,1
37.59133,127.01414,0,0,0,2,0
37.591331,127.01415,0,0,0,1,0
37.5998,127.0097,0,0,0,0,6
37.5999,126.802,0,6,0,0,0
37.6,127.01,2,3,1,0,4
37.601,126.8011,0,5,0,0,0
37.6083,127.0122,12,5,4,3,9
37.6106,127.0082,2,0,0,0,3
37.6107,127.0081,0,13,0,0,0
37.611,127.008,0,7,0,0,0
37.6112,127.0079,0,7,0,0,0
37.6114,127.0079,0,5,0,0,0
37.62,127.08,61,10,12,4,10
37.62,127.09,36,9,5,4,8
37.62,127.1,21,0,0,0,0
37.630744,126.71113,1,1,0,0,0
37.63118,126.92875,0,0,0,1,0
37.63124,126.92884,1,0,0,0,0
37.6313,126.92871,0,0,0,1,0
37.63132,126.92871,0,1,0,0,0
37.63136,126.92863,1,0,0,0,0
37.63136,126.92871,1,0,0,0,0
37.63136,126.92875,0,1,0,0,0
37.63137,126.92882,1,1,0,0,0
37.63137,126.92885,1,0,0,0,0
37.63138,126.92883,0,1,0,0,0
37.63138,126.92886,0,1,0,0,0
37.63139,126.92883,1,0,0,0,1
37.6314,126.92879,0,0,1,0,0
37.6314,126.9288,0,0,1,0,0
37.6314,126.92881,0,0,1,0,0
37.6314,126.92883,0,0,0,0,2
37.63141,126.92863,1,0,0,0,0
37.63141,126.92882,0,0,0,0,2
37.63141,126.92883,0,0,0,0,1
37.63142,126.92861,1,0,0,0,0
37.63142,126.92862,1,0,0,0,0
37.63144,126.92865,1,0,0,0,0
37.63144,126.92869,0,1,0,0,0
37.63145,126.92864,0,0,0,1,0
37.63145,126.9288,1,0,0,0,0
37.63147,126.92863,0,0,0,1,0
37.63148,126.9286,2,0,0,0,0
37.63148,126.92861,0,0,0,1,0
37.63148,126.92863,0,0,0,1,0
37.63149,126.9286,1,0,0,0,0
37.63149,126.92862,0,0,0,1,0
37.63149,126.92864,2,0,0,0,0
37.6315,126.92858,1,0,0,0,0
37.6315,126.92863,0,0,0,1,0
37.63151,126.92859,1,0,0,0,0
37.63151,126.9286,0,0,0,1,0
37.63151,126.92863,0,0,0,1,0
37.63152,126.92855,1,0,0,0,1
37.63153,126.92849,1,0,0,0,1
37.63153,126.92866,1,0,0,0,3
37.63154,126.92865,1,0,0,0,0
37.63154,126.92866,1,0,0,0,0
37.63154,126.9287,2,0,0,0,0
37.63154,126.92872,1,0,0,0,0
37.63154,126.92882,2,0,0,0,0
37.63155,126.92843,1,0,0,0,0
37.63155,126.92872,1,0,0,0,1
37.63156,126.92845,1,0,0,0,0
37.63157,126.92881,1,0,0,0,0
37.63161,126.92835,1,0,0,0,0
37.63164,126.92836,1,0,0,0,0
37.63217,126.92422,1,0,0,0,0
37.63226,126.92431,1,0,0,0,0
37.6323,126.92436,2,0,0,0,0
37.63232,126.92412,0,2,0,0,0
37.63233,126.92463,1,0,0,0,0
37.63241,126.92426,0,1,0,0,0
37.63245,126.92703,1,0,0,0,0
37.63246,126.92691,1,0,0,0,0
37.63248,126.92686,1,0,0,0,0
37.63249,126.92429,1,0,0,0,0
37.63255,126.92706,1,0,0,0,0
37.6326,126.92693,1,0,0,0,0
37.63261,126.92422,0,0,1,0,0
37.63262,126.92421,0,0,1,0,0
37.63263,126.92426,0,0,1,0,0
37.63264,126.9244,0,0,1,0,0
37.63265,126.92443,0,0,1,0,0
37.63266,126.92437,0,0,1,0,0
37.63268,126.92435,1,0,0,0,0
37.63272,126.92431,1,0,0,0,0
37.63292,126.92492,1,0,0,0,0
37.63292,126.92493,1,0,0,0,0
37.63334,126.92268,1,0,0,0,0
37.63335,126.92269,1,0,0,0,0
37.63336,126.92289,0,1,0,0,0
37.6334,126.92287,0,0,0,0,1
37.63341,126.92277,1,0,0,0,0
37.63341,126.92278,1,0,0,0,0
37.63341,126.9228,0,0,0,0,2
37.63342,126.92261,0,1,0,0,0
37.63343,126.92278,1,0,0,0,0
37.63343,126.9229,0,0,0,0,1
37.63344,126.9228,0,0,0,0,1
37.63347,126.92278,0,0,0,0,1
37.63349,126.92277,1,0,0,0,0
37.6335,126.92271,1,0,0,0,0
37.63352,126.92268,0,0,0,0,1
37.63353,126.92273,1,0,0,0,0
37.63354,126.9227,0,0,0,0,1
37.63354,126.92288,0,1,0,0,0
37.63354,126.9229,0,1,0,0,0
37.6336,126.92278,0,0,0,0,1
37.63479,126.92032,1,0,0,0,0
37.63504,126.91989,1,0,0,0,0
37.635739,126.531532,12,11,7,5,10
37.6385,126.5423,8,6,4,0,2
37.65,127.01,45,49,3,0,3
37.6638,126.623,11,7,3,0,5
37.67659,126.81639,1,1,0,0,2
37.67659,126.8164,2,0,0,0,2
37.67659,126.81641,1,0,0,0,0
37.6766,126.81638,2,0,0,0,3
37.6766,126.81639,1,0,0,0,2
37.6766,126.8164,0,1,0,0,0
37.6766,126.81641,0,0,0,0,1
37.6766,126.81642,1,1,0,0,0
37.67661,126.81636,0,1,0,0,0
37.67661,126.81638,0,0,0,0,1
37.67661,126.81639,2,0,0,0,1
37.67661,126.8164,2,0,0,0,2
37.67661,126.81641,2,0,0,0,0
37.67661,126.81642,1,0,0,0,1
37.67661,126.81643,1,0,0,0,2
37.67662,126.81639,0,0,0,0,2
37.67662,126.81641,2,0,0,0,2
37.67662,126.81642,3,0,0,0,0
37.67663,126.8164,1,1,0,0,0
37.67663,126.81642,0,0,0,0,1
37.67665,126.81639,0,0,0,0,1
37.68,126.8,68,68,0,27,16
37.708921,126.607534,13,4,1,0,1
37.82,127.02,1,0,0,0,0
38.65,127.09,0,0,5,0,0
